{
  "version": "1.1.1",
  "windows": {
    "main": {
      "main": true,
      "url": "app://editor/index.html",
      "windowType": "dockable",
      "x": 0,
      "y": 23,
      "width": 1440,
      "height": 806,
      "layout": {
        "children": [
          {
            "children": [
              {
                "active": 0,
                "children": [
                  "hierarchy"
                ],
                "height": 340.5625,
                "type": "panel",
                "width": 229.578125
              },
              {
                "active": 0,
                "children": [
                  "assets"
                ],
                "height": 381.4375,
                "type": "panel",
                "width": 229.578125
              }
            ],
            "height": 724,
            "type": "dock-v",
            "width": 229.578125
          },
          {
            "children": [
              {
                "children": [
                  {
                    "active": 0,
                    "children": [
                      "scene"
                    ],
                    "height": 418.890625,
                    "type": "panel",
                    "width": 506.578125
                  },
                  {
                    "active": 0,
                    "children": [
                      "node-library"
                    ],
                    "height": 418.890625,
                    "type": "panel",
                    "width": 297.1875
                  }
                ],
                "height": 418.890625,
                "type": "dock-h",
                "width": 805.765625
              },
              {
                "active": 0,
                "children": [
                  "console",
                  "timeline"
                ],
                "height": 303.109375,
                "type": "panel",
                "width": 805.765625
              }
            ],
            "height": 724,
            "type": "dock-v",
            "width": 805.765625
          },
          {
            "active": 0,
            "children": [
              "inspector",
              "cocos-services"
            ],
            "height": 724,
            "type": "panel",
            "width": 400.640625
          }
        ],
        "type": "dock-h"
      },
      "panels": [
        "hierarchy",
        "assets",
        "node-library",
        "console",
        "timeline",
        "inspector",
        "cocos-services",
        "scene"
      ]
    }
  },
  "panels": {}
}