{
  "f8e6b000-5643-4b86-9080-aa680ce1f599": {
    "asset": 1552197907000,
    "meta": 1552197907000,
    "relativePath": "image"
  },
  "71561142-4c83-4933-afca-cb7a17f67053": {
    "asset": 1552197907000,
    "meta": 1563094338788,
    "relativePath": "image/default_btn_disabled.png"
  },
  "e851e89b-faa2-4484-bea6-5c01dd9f06e2": {
    "asset": 1552197907000,
    "meta": 1563094338788,
    "relativePath": "image/default_btn_normal.png"
  },
  "b43ff3c2-02bb-4874-81f7-f2dea6970f18": {
    "asset": 1552197907000,
    "meta": 1563094338796,
    "relativePath": "image/default_btn_pressed.png"
  },
  "edd215b9-2796-4a05-aaf5-81f96c9281ce": {
    "asset": 1552197907000,
    "meta": 1563094338795,
    "relativePath": "image/default_editbox_bg.png"
  },
  "d81ec8ad-247c-4e62-aa3c-d35c4193c7af": {
    "asset": 1552197907000,
    "meta": 1563094338802,
    "relativePath": "image/default_panel.png"
  },
  "99170b0b-d210-46f1-b213-7d9e3f23098a": {
    "asset": 1552197907000,
    "meta": 1563094338803,
    "relativePath": "image/default_progressbar_bg.png"
  },
  "cfef78f1-c8df-49b7-8ed0-4c953ace2621": {
    "asset": 1552197907000,
    "meta": 1563094338810,
    "relativePath": "image/default_progressbar.png"
  },
  "567dcd80-8bf4-4535-8a5a-313f1caf078a": {
    "asset": 1552197907000,
    "meta": 1563094338811,
    "relativePath": "image/default_radio_button_off.png"
  },
  "9d60001f-b5f4-4726-a629-2659e3ded0b8": {
    "asset": 1552197907000,
    "meta": 1563094338821,
    "relativePath": "image/default_radio_button_on.png"
  },
  "4bab67cb-18e6-4099-b840-355f0473f890": {
    "asset": 1552197907000,
    "meta": 1563094338819,
    "relativePath": "image/default_scrollbar_bg.png"
  },
  "617323dd-11f4-4dd3-8eec-0caf6b3b45b9": {
    "asset": 1552197907000,
    "meta": 1563094338829,
    "relativePath": "image/default_scrollbar_vertical_bg.png"
  },
  "d6d3ca85-4681-47c1-b5dd-d036a9d39ea2": {
    "asset": 1552197907000,
    "meta": 1563094338832,
    "relativePath": "image/default_scrollbar_vertical.png"
  },
  "0275e94c-56a7-410f-bd1a-fc7483f7d14a": {
    "asset": 1552197907000,
    "meta": 1563094338839,
    "relativePath": "image/default_sprite_splash.png"
  },
  "0291c134-b3da-4098-b7b5-e397edbe947f": {
    "asset": 1552197907000,
    "meta": 1563094338840,
    "relativePath": "image/default_scrollbar.png"
  },
  "6e056173-d285-473c-b206-40a7fff5386e": {
    "asset": 1552197907000,
    "meta": 1563094338851,
    "relativePath": "image/default_sprite.png"
  },
  "73a0903d-d80e-4e3c-aa67-f999543c08f5": {
    "asset": 1552197907000,
    "meta": 1563094338850,
    "relativePath": "image/default_toggle_checkmark.png"
  },
  "c25b9d50-c8fc-4d27-beeb-6e7c1f2e5c0f": {
    "asset": 1552197907000,
    "meta": 1563094338860,
    "relativePath": "image/default_toggle_disabled.png"
  },
  "d29077ba-1627-4a72-9579-7b56a235340c": {
    "asset": 1552197907000,
    "meta": 1563094338859,
    "relativePath": "image/default_toggle_normal.png"
  },
  "fc09f9bd-2cce-4605-b630-8145ef809ed6": {
    "asset": 1552197907000,
    "meta": 1552197907000,
    "relativePath": "misc"
  },
  "b181c1e4-0a72-4a91-bfb0-ae6f36ca60bd": {
    "asset": 1552197907000,
    "meta": 1563094338868,
    "relativePath": "image/default_toggle_pressed.png"
  },
  "f6e6dd15-71d1-4ffe-ace7-24fd39942c05": {
    "asset": 1552197907000,
    "meta": 1552197907000,
    "relativePath": "obsolete"
  },
  "2be36297-9abb-4fee-8049-9ed5e271da8a": {
    "asset": 1552197907000,
    "meta": 1563094338866,
    "relativePath": "misc/default_video.mp4"
  },
  "f743d2b6-b7ea-4c14-a55b-547ed4d0a045": {
    "asset": 1552197907000,
    "meta": 1552197907000,
    "relativePath": "particle"
  },
  "b8223619-7e38-47c4-841f-9160c232495a": {
    "asset": 1552197907000,
    "meta": 1563094338941,
    "relativePath": "obsolete/atom.plist"
  },
  "b2687ac4-099e-403c-a192-ff477686f4f5": {
    "asset": 1552197907000,
    "meta": 1563094338942,
    "relativePath": "particle/atom.plist"
  },
  "8a96b965-2dc0-4e03-aa90-3b79cb93b5b4": {
    "asset": 1552197907000,
    "meta": 1563094338878,
    "relativePath": "obsolete/atom.png"
  },
  "ae6c6c98-11e4-452f-8758-75f5c6a56e83": {
    "asset": 1552197907000,
    "meta": 1552197907000,
    "relativePath": "prefab"
  },
  "972b9a4d-47ee-4c74-b5c3-61d8a69bc29f": {
    "asset": 1552197907000,
    "meta": 1563094338884,
    "relativePath": "prefab/button.prefab"
  },
  "d0a82d39-bede-46c4-b698-c81ff0dedfff": {
    "asset": 1552197907000,
    "meta": 1563094338879,
    "relativePath": "particle/atom.png"
  },
  "2c937608-2562-40ea-b264-7395df6f0cea": {
    "asset": 1552197907000,
    "meta": 1563094338885,
    "relativePath": "prefab/canvas.prefab"
  },
  "61aeb05b-3b32-452b-8eed-2b76deeed554": {
    "asset": 1552197907000,
    "meta": 1563094338887,
    "relativePath": "prefab/editbox.prefab"
  },
  "27756ebb-3d33-44b0-9b96-e858fadd4dd4": {
    "asset": 1552197907000,
    "meta": 1563094338888,
    "relativePath": "prefab/label.prefab"
  },
  "785a442c-3ceb-45be-a46e-7317f625f3b9": {
    "asset": 1552197907000,
    "meta": 1563094338890,
    "relativePath": "prefab/layout.prefab"
  },
  "ca8401fe-ad6e-41a8-bd46-8e3e4e9945be": {
    "asset": 1552197907000,
    "meta": 1563094338898,
    "relativePath": "prefab/pageview.prefab"
  },
  "cd33edea-55f5-46c2-958d-357a01384a36": {
    "asset": 1552197907000,
    "meta": 1563094338900,
    "relativePath": "prefab/particlesystem.prefab"
  },
  "5965ffac-69da-4b55-bcde-9225d0613c28": {
    "asset": 1552197907000,
    "meta": 1563094338902,
    "relativePath": "prefab/progressBar.prefab"
  },
  "4a37dd57-78cd-4cec-aad4-f11a73d12b63": {
    "asset": 1552197907000,
    "meta": 1563094338903,
    "relativePath": "prefab/richtext.prefab"
  },
  "32044bd2-481f-4cf1-a656-e2b2fb1594eb": {
    "asset": 1552197907000,
    "meta": 1563094338905,
    "relativePath": "prefab/scrollview.prefab"
  },
  "0004d1cf-a0ad-47d8-ab17-34d3db9d35a3": {
    "asset": 1552197907000,
    "meta": 1563094338907,
    "relativePath": "prefab/slider.prefab"
  },
  "1f55e3be-b89b-4b79-88de-47fd31018044": {
    "asset": 1552197907000,
    "meta": 1563094338908,
    "relativePath": "prefab/sprite_splash.prefab"
  },
  "96083d03-c332-4a3f-9386-d03e2d19e8ee": {
    "asset": 1552197907000,
    "meta": 1563094338909,
    "relativePath": "prefab/sprite.prefab"
  },
  "7de03a80-4457-438d-95a7-3e7cdffd6086": {
    "asset": 1552197907000,
    "meta": 1563094338910,
    "relativePath": "prefab/tiledmap.prefab"
  },
  "0e42ba95-1fa1-46aa-b2cf-143cd1bcee2c": {
    "asset": 1552197907000,
    "meta": 1563094338911,
    "relativePath": "prefab/tiledtile.prefab"
  },
  "0d784963-d024-4ea6-a7db-03be0ad63010": {
    "asset": 1552197907000,
    "meta": 1563094338914,
    "relativePath": "prefab/toggle.prefab"
  },
  "bf0a434c-84dd-4a8e-a08a-7a36f180cc75": {
    "asset": 1552197907000,
    "meta": 1563094338920,
    "relativePath": "prefab/toggleContainer.prefab"
  },
  "d1b8be49-b0a0-435c-83b7-552bed4bbe35": {
    "asset": 1552197907000,
    "meta": 1563094338922,
    "relativePath": "prefab/toggleGroup.prefab"
  },
  "232d2782-c4bd-4bb4-9e01-909f03d6d3b9": {
    "asset": 1552197907000,
    "meta": 1563094338923,
    "relativePath": "prefab/videoplayer.prefab"
  },
  "8c5001fd-07ee-4a4b-a8a0-63e15195e94d": {
    "asset": 1552197907000,
    "meta": 1563094338924,
    "relativePath": "prefab/webview.prefab"
  },
  "e02bfb55-e2e8-474d-adcd-be05325b393a": {
    "asset": 1561791188383,
    "meta": 1561791169958,
    "relativePath": "scene"
  },
  "ffcffec3-a4dc-41f6-92d2-88ab3fb2df93": {
    "asset": 1563095296161,
    "meta": 1563095296173,
    "relativePath": "scene/first.fire"
  },
  "0511b3cd-d4f7-4e5e-9cac-63cedeb6adbf": {
    "asset": 1561794750731,
    "meta": 1561791269387,
    "relativePath": "script"
  },
  "c1520503-50c1-4c7e-8659-d6221e621267": {
    "asset": 1561779891554,
    "meta": 1563094342784,
    "relativePath": "libs/light_mvc.d.ts"
  },
  "5081ce97-b036-498a-ba26-2fb7eafeff4e": {
    "asset": 1561794225183,
    "meta": 1561793995336,
    "relativePath": "script/model"
  },
  "7847e92d-f163-4332-931b-075ef25ee72a": {
    "asset": 1562512688479,
    "meta": 1561794735059,
    "relativePath": "script/view"
  },
  "23a10e11-f269-42e8-bf60-7c07e820c962": {
    "asset": 1561883602159,
    "meta": 1561883414531,
    "relativePath": "script/view/first"
  },
  "78684ef3-5f13-4c98-8d60-8cad6f20d561": {
    "asset": 1561883942590,
    "meta": 1561883927701,
    "relativePath": "resources"
  },
  "8aaa8c45-dc67-4a92-9cee-ec1dc2112b14": {
    "asset": 1562510304173,
    "meta": 1561883939913,
    "relativePath": "resources/prefabs"
  },
  "27432472-e54f-4dee-ad66-dd94ea4db0b9": {
    "asset": 1562513077341,
    "meta": 1562513077354,
    "relativePath": "resources/prefabs/first_view.prefab"
  },
  "25690e0f-d2b8-465b-bade-c5612b1bab88": {
    "asset": 1563098024532,
    "meta": 1563098024536,
    "relativePath": "resources/prefabs/pop_a.prefab"
  },
  "fa7a0d00-f3ad-4864-81b3-bfa0da5e8c5e": {
    "asset": 1562512793186,
    "meta": 1562512793190,
    "relativePath": "resources/prefabs/pop_b.prefab"
  },
  "1176a5a3-ac6a-4884-bdab-3ca51ec2940a": {
    "asset": 1562510520752,
    "meta": 1562510406316,
    "relativePath": "script/view/pop_a"
  },
  "4b884c0e-7e50-4ad3-8ab9-4a732783fd91": {
    "asset": 1562511434534,
    "meta": 1562510414897,
    "relativePath": "script/view/pop_b"
  },
  "1d7a1ad5-6035-4303-a673-9b111bf18a20": {
    "asset": 1563095170542,
    "meta": 1563094338954,
    "relativePath": "libs"
  },
  "8f878d1c-48f8-4093-afbc-0b2098a388c4": {
    "asset": 1563094711986,
    "meta": 1563094448319,
    "relativePath": "libs/lightMVC"
  },
  "0c2eb1e1-4c33-47a1-8c77-1a85ad6a7487": {
    "asset": 1561791760719,
    "meta": 1563094448319,
    "relativePath": "libs/lightMVC/core"
  },
  "4ae98859-0bae-4674-820a-533589a5429c": {
    "asset": 1561791760715,
    "meta": 1561791760711,
    "relativePath": "libs/lightMVC/core/base"
  },
  "d964ed0c-e397-4215-8c18-99844b4bf4a9": {
    "asset": 1561779891551,
    "meta": 1563094448476,
    "relativePath": "libs/lightMVC/core/base/BaseCommand.ts"
  },
  "657a3f57-7c34-4fbb-a3bd-147f51b50de6": {
    "asset": 1561779891552,
    "meta": 1563094448529,
    "relativePath": "libs/lightMVC/core/base/BaseScene.ts"
  },
  "786e266a-f158-4bbf-b85d-339ac228df4d": {
    "asset": 1562510942559,
    "meta": 1563094448561,
    "relativePath": "libs/lightMVC/core/base/BaseView.ts"
  },
  "5528e449-2892-4309-9dee-a6d60993dc7e": {
    "asset": 1562510934729,
    "meta": 1563094448562,
    "relativePath": "libs/lightMVC/core/base/ViewEvent.ts"
  },
  "18f98333-d66c-4daa-9126-1e275450d735": {
    "asset": 1561791760717,
    "meta": 1561791760715,
    "relativePath": "libs/lightMVC/core/command"
  },
  "f166ea50-5d15-4252-87b9-6ff437113e9a": {
    "asset": 1561779891553,
    "meta": 1563094448580,
    "relativePath": "libs/lightMVC/core/command/AsyncMacroCommand.ts"
  },
  "116b0184-8180-4e8f-adef-22a12d614894": {
    "asset": 1561779891553,
    "meta": 1563094448588,
    "relativePath": "libs/lightMVC/core/command/MacroCommand.ts"
  },
  "df13da81-3d74-4254-a86a-8ed497a7c50e": {
    "asset": 1561779891553,
    "meta": 1563094448596,
    "relativePath": "libs/lightMVC/core/command/SimpleCommand.ts"
  },
  "af41d477-58aa-4a72-bbdc-f689564fdb70": {
    "asset": 1561779891553,
    "meta": 1563094448602,
    "relativePath": "libs/lightMVC/core/command/SyncMacroCommand.ts"
  },
  "43957b2b-b0ab-4e17-a2a0-83208230aff8": {
    "asset": 1561779891551,
    "meta": 1563094448640,
    "relativePath": "libs/lightMVC/core/Constants.ts"
  },
  "bed43e54-05fa-4cd1-8a31-658701a937b6": {
    "asset": 1561791760721,
    "meta": 1561791760719,
    "relativePath": "libs/lightMVC/core/manager"
  },
  "91f6ccb6-5db3-408f-938b-12d16cfe643f": {
    "asset": 1561779891551,
    "meta": 1563094448666,
    "relativePath": "libs/lightMVC/core/FrameworkCfg.ts"
  },
  "c592a601-12c0-4bc5-baa4-95375634a35b": {
    "asset": 1561779891553,
    "meta": 1563094448691,
    "relativePath": "libs/lightMVC/core/manager/CommandManager.ts"
  },
  "22e8158e-b140-4750-ad65-e721bb6bd733": {
    "asset": 1561779891554,
    "meta": 1563094448714,
    "relativePath": "libs/lightMVC/core/manager/ModelManager.ts"
  },
  "87d3c2fc-5b55-4583-8426-2cc73c22c66a": {
    "asset": 1561899355412,
    "meta": 1563094448325,
    "relativePath": "libs/lightMVC/util"
  },
  "4c42caff-ab3c-41ea-bff2-70fd0bb23523": {
    "asset": 1562498354814,
    "meta": 1563094448795,
    "relativePath": "libs/lightMVC/util/UIUtils.ts"
  },
  "eb506f73-a038-49b7-b0f1-9e4c2acef328": {
    "asset": 1563094865852,
    "meta": 1563095170680,
    "relativePath": "libs/README.md"
  },
  "6244c768-1b99-4a2c-a231-2030d319d140": {
    "asset": 1563094895300,
    "meta": 1563095170704,
    "relativePath": "script/view/DefaultScene.ts"
  },
  "ad3270d3-9cc4-49a7-8e31-3a4f508fc095": {
    "asset": 1563094899551,
    "meta": 1563095170719,
    "relativePath": "script/view/DefaultSceneMediator.ts"
  },
  "fd0a7f7d-3075-44ae-bfda-9ea3baec55cf": {
    "asset": 1563094890462,
    "meta": 1563095170736,
    "relativePath": "script/view/first/FirstMediator.ts"
  },
  "c86f9000-2457-4040-81c3-76804e2ae62a": {
    "asset": 1563094880831,
    "meta": 1563095170785,
    "relativePath": "script/view/pop_b/PopBMediator.ts"
  },
  "1492da40-ea28-4831-b836-7a904a583aa7": {
    "asset": 1563094883080,
    "meta": 1563095170794,
    "relativePath": "script/view/pop_b/PopBView.ts"
  },
  "5e7ba684-f3f6-42d1-bbe7-da2dd5fcf4b1": {
    "asset": 1563095170542,
    "meta": 1563095170542,
    "relativePath": "libs/lightMVC_ex"
  },
  "a41c8378-9728-46fc-bf2d-f0e8f8303124": {
    "asset": 1563094581461,
    "meta": 1563095170806,
    "relativePath": "libs/lightMVC_ex/README.md"
  },
  "2efdb0ca-ff31-468d-b5bb-a0f7c694bffb": {
    "asset": 1563096414529,
    "meta": 1563096414531,
    "relativePath": "script/view/second"
  },
  "65d3298b-c1d9-404a-b92e-bf53ed8caac4": {
    "asset": 1563096570204,
    "meta": 1563096603400,
    "relativePath": "script/view/SecondSceneMediator.ts"
  },
  "e260dd3f-2539-404c-9d80-9250ef006bdc": {
    "asset": 1563111276377,
    "meta": 1563111276385,
    "relativePath": "resources/prefabs/second_view.prefab"
  },
  "4acc8e90-cd1f-49ee-a97f-e9abbc4d7b93": {
    "asset": 1563097304618,
    "meta": 1563097316814,
    "relativePath": "script/NativeScene.ts"
  },
  "6a3205a0-f5c4-4630-a2f4-793a34232ddb": {
    "asset": 1563096967692,
    "meta": 1563097316820,
    "relativePath": "script/view/first/FirstView.ts"
  },
  "48e78e3b-1e60-4515-b8b6-948fe9c627a1": {
    "asset": 1563098041986,
    "meta": 1563098109998,
    "relativePath": "script/view/pop_a/PopAView.ts"
  },
  "10c7c378-c67b-4a62-9cff-75952dd40e53": {
    "asset": 1563098331821,
    "meta": 1563098305822,
    "relativePath": "script/command"
  },
  "96c4df17-45f8-4eec-a518-bbfb25f2541b": {
    "asset": 1563099595773,
    "meta": 1563099616040,
    "relativePath": "libs/lightMVC/core/base/BaseModel.ts"
  },
  "1ab7709b-2f40-42ff-8581-c74c43b9e59b": {
    "asset": 1563098965259,
    "meta": 1563099616082,
    "relativePath": "script/command/PlayerCommand.ts"
  },
  "df25cdb5-891d-4cd6-970d-e1a2b053426c": {
    "asset": 1563099903782,
    "meta": 1563099972827,
    "relativePath": "script/Notification.ts"
  },
  "66072269-b570-4774-b180-2a680bc7e07d": {
    "asset": 1563099968277,
    "meta": 1563099972830,
    "relativePath": "script/view/pop_a/PopAMediator.ts"
  },
  "26ac7716-ab0b-4080-8315-8e4670f8840f": {
    "asset": 1563100193249,
    "meta": 1563100195601,
    "relativePath": "libs/lightMVC/core/manager/NotificationManager.ts"
  },
  "ee3c878e-9cff-4739-86e4-9381602f958e": {
    "asset": 1563100300826,
    "meta": 1563100343302,
    "relativePath": "script/model/PlayerModel.ts"
  },
  "b5a0062c-b3f9-4246-ad39-4287771e25ed": {
    "asset": 1563113617828,
    "meta": 1563113686500,
    "relativePath": "libs/lightMVC/core/base/BaseMediator.ts"
  },
  "3dc63b46-5549-4c34-9b1f-37f80e4a3e4b": {
    "asset": 1563113603709,
    "meta": 1563113686559,
    "relativePath": "libs/lightMVC/core/Facade.ts"
  },
  "7bc1586f-3248-4df6-a4de-41dabc180563": {
    "asset": 1563113545251,
    "meta": 1563113686605,
    "relativePath": "libs/lightMVC/core/manager/ViewManager.ts"
  },
  "a079b155-5deb-47ca-aea1-31a1f2e018e9": {
    "asset": 1563113680467,
    "meta": 1563113686614,
    "relativePath": "script/view/second/SecondMediator.ts"
  },
  "fa50905f-c653-4fae-86da-1d9c37420351": {
    "asset": 1563111704546,
    "meta": 1563113686623,
    "relativePath": "script/view/second/SecondView.ts"
  },
  "bc0981e5-3e1f-4f9b-9f69-0a75cc8c4289": {
    "asset": 1563113627240,
    "meta": 1563113686623,
    "relativePath": "script/view/SecondScene.ts"
  }
}